9.401414,0.000000
9.900789,0.001000
10.243432,0.002000
10.423943,0.003000
10.440984,0.004000
10.291850,0.005000
9.980471,0.006000
9.511734,0.007000
8.892815,0.008000
8.132684,0.009000
7.244614,0.010000
6.241172,0.011000
5.139476,0.012000
3.956330,0.013000
2.710568,0.014000
1.422338,0.015000
0.109922,0.016000
-1.202737,0.017000
-2.497564,0.018000
-3.753197,0.019000
-4.950003,0.020000
-6.069605,0.021000
-7.092677,0.022000
-8.004822,0.023000
-8.790102,0.024000
-9.438552,0.025000
-9.936737,0.026000
-10.280138,0.027000
-10.460697,0.028000
-10.476543,0.029000
-10.328337,0.030000
-10.016215,0.031000
-9.547692,0.032000
-8.928378,0.033000
-8.168802,0.034000
-7.280256,0.035000
-6.277149,0.036000
-5.175438,0.037000
-3.992914,0.038000
-2.747676,0.039000
-1.458971,0.040000
-0.147589,0.041000
1.165332,0.042000
2.460368,0.043000
3.716701,0.044000
4.913060,0.045000
6.032389,0.046000
7.055676,0.047000
7.967743,0.048000
8.754067,0.049000
9.401759,0.050000
9.900595,0.051000
10.243797,0.052000
10.423724,0.053000
10.440814,0.054000
10.292020,0.055000
9.980700,0.056000
9.511875,0.057000
8.892445,0.058000
8.133209,0.059000
7.244638,0.060000
6.242129,0.061000
5.140603,0.062000
3.957350,0.063000
2.711831,0.064000
1.423081,0.065000
0.111758,0.066000
-1.202014,0.067000
-2.496500,0.068000
-3.752206,0.069000
-4.948959,0.070000
-6.068828,0.071000
-7.091477,0.072000
-8.003739,0.073000
-8.789791,0.074000
-9.437576,0.075000
-9.937086,0.076000
-10.279759,0.077000
-10.460580,0.078000
-10.476892,0.079000
-10.328186,0.080000
-10.017055,0.081000
-9.547964,0.082000
-8.928840,0.083000
-8.169671,0.084000
-7.281310,0.085000
-6.278693,0.086000
-5.177095,0.087000
-3.994007,0.088000
-2.748740,0.089000
-1.460239,0.090000
-0.148925,0.091000
1.164453,0.092000
2.459372,0.093000
3.715336,0.094000
4.912239,0.095000
6.031408,0.096000
7.055438,0.097000
7.967121,0.098000
8.753149,0.099000
9.401298,0.100000
9.899973,0.101000
10.243078,0.102000
10.423865,0.103000
10.440464,0.104000
10.291738,0.105000
9.980850,0.106000
9.512502,0.107000
8.893388,0.108000
8.134161,0.109000
7.246047,0.110000
6.242955,0.111000
5.141283,0.112000
3.958468,0.113000
2.712627,0.114000
1.424116,0.115000
0.112598,0.116000
-1.200891,0.117000
-2.495557,0.118000
-3.751619,0.119000
-4.948187,0.120000
-6.067283,0.121000
-7.091448,0.122000
-8.003914,0.123000
-8.789431,0.124000
-9.436915,0.125000
-9.936746,0.126000
-10.279501,0.127000
-10.460483,0.128000
-10.476475,0.129000
-10.328725,0.130000
-10.017463,0.131000
-9.548571,0.132000
-8.929520,0.133000
-8.170366,0.134000
-7.281975,0.135000
-6.279490,0.136000
-5.177741,0.137000
-3.995023,0.138000
-2.749391,0.139000
-1.460987,0.140000
-0.150052,0.141000
1.163637,0.142000
2.458323,0.143000
3.713922,0.144000
4.910816,0.145000
6.030203,0.146000
7.054213,0.147000
7.965873,0.148000
8.752478,0.149000
9.400540,0.150000
9.899541,0.151000
10.243262,0.152000
10.423360,0.153000
10.440697,0.154000
10.292394,0.155000
9.981486,0.156000
9.512594,0.157000
8.893728,0.158000
8.134374,0.159000
7.246761,0.160000
6.243849,0.161000
5.142906,0.162000
3.959604,0.163000
2.714055,0.164000
1.425160,0.165000
0.113687,0.166000
-1.199522,0.167000
-2.494707,0.168000
-3.750224,0.169000
-4.947123,0.170000
-6.066166,0.171000
-7.090307,0.172000
-8.002743,0.173000
-8.788401,0.174000
-9.436944,0.175000
-9.936552,0.176000
-10.279161,0.177000
-10.460400,0.178000
-10.476698,0.179000
-10.328482,0.180000
-10.017779,0.181000
-9.549042,0.182000
-8.930433,0.183000
-8.171094,0.184000
-7.282660,0.185000
-6.280777,0.186000
-5.178849,0.187000
-3.996553,0.188000
-2.751217,0.189000
-1.462196,0.190000
-0.151271,0.191000
1.162107,0.192000
2.457021,0.193000
3.712761,0.194000
4.909864,0.195000
6.028897,0.196000
7.053426,0.197000
7.965421,0.198000
8.751813,0.199000
9.399257,0.200000
9.899633,0.201000
10.242646,0.202000
10.423573,0.203000
10.441027,0.204000
10.293069,0.205000
9.982074,0.206000
9.514222,0.207000
8.895384,0.208000
8.135443,0.209000
7.247655,0.210000
6.245107,0.211000
5.143421,0.212000
3.960270,0.213000
2.715377,0.214000
1.427176,0.215000
0.115280,0.216000
-1.198409,0.217000
-2.493556,0.218000
-3.749714,0.219000
-4.945991,0.220000
-6.065743,0.221000
-7.089908,0.222000
-8.001305,0.223000
-8.788188,0.224000
-9.436089,0.225000
-9.935950,0.226000
-10.279633,0.227000
-10.460109,0.228000
-10.477024,0.229000
-10.329318,0.230000
-10.018308,0.231000
-9.549222,0.232000
-8.930618,0.233000
-8.171600,0.234000
-7.283267,0.235000
-6.280923,0.236000
-5.179713,0.237000
-3.997481,0.238000
-2.752126,0.239000
-1.463289,0.240000
-0.151874,0.241000
1.161237,0.242000
2.456098,0.243000
3.711425,0.244000
4.909378,0.245000
6.028071,0.246000
7.052343,0.247000
7.964969,0.248000
8.751444,0.249000
9.399622,0.250000
9.899487,0.251000
10.242908,0.252000
10.423501,0.253000
10.440445,0.254000
10.292632,0.255000
9.982409,0.256000
9.513799,0.257000
8.895302,0.258000
8.136182,0.259000
7.248116,0.260000
6.245855,0.261000
5.144446,0.262000
3.961703,0.263000
2.716479,0.264000
1.427575,0.265000
0.116723,0.266000
-1.197588,0.267000
-2.492167,0.268000
-3.748140,0.269000
-4.945083,0.270000
-6.065014,0.271000
-7.089019,0.272000
-8.001145,0.273000
-8.787527,0.274000
-9.435934,0.275000
-9.935206,0.276000
-10.279089,0.277000
-10.460182,0.278000
-10.476990,0.279000
-10.328852,0.280000
-10.018488,0.281000
-9.549844,0.282000
-8.931813,0.283000
-8.172333,0.284000
-7.284200,0.285000
-6.281564,0.286000
-5.180500,0.287000
-3.998272,0.288000
-2.752835,0.289000
-1.464096,0.290000
-0.153205,0.291000
1.160596,0.292000
2.455252,0.293000
3.710668,0.294000
4.907901,0.295000
6.027264,0.296000
7.051372,0.297000
7.963585,0.298000
8.750487,0.299000
9.398587,0.300000
9.898793,0.301000
10.242407,0.302000
10.423598,0.303000
10.440867,0.304000
10.293001,0.305000
9.982643,0.306000
9.515091,0.307000
8.895564,0.308000
8.136541,0.309000
7.248141,0.310000
6.246443,0.311000
5.145524,0.312000
3.962713,0.313000
2.717048,0.314000
1.428692,0.315000
0.117199,0.316000
-1.196437,0.317000
-2.491283,0.318000
-3.747009,0.319000
-4.943863,0.320000
-6.063659,0.321000
-7.088072,0.322000
-8.000596,0.323000
-8.787109,0.324000
-9.435511,0.325000
-9.935299,0.326000
-10.279205,0.327000
-10.460371,0.328000
-10.477218,0.329000
-10.328847,0.330000
-10.018517,0.331000
-9.550014,0.332000
-8.932143,0.333000
-8.172693,0.334000
-7.284919,0.335000
-6.283138,0.336000
-5.181642,0.337000
-3.999254,0.338000
-2.754030,0.339000
-1.465470,0.340000
-0.154453,0.341000
1.159134,0.342000
2.454281,0.343000
3.709759,0.344000
4.906653,0.345000
6.026677,0.346000
7.050823,0.347000
7.963196,0.348000
8.749729,0.349000
9.398330,0.350000
9.898384,0.351000
10.241931,0.352000
10.423505,0.353000
10.440717,0.354000
10.293307,0.355000
9.983007,0.356000
9.514751,0.357000
8.896438,0.358000
8.137668,0.359000
7.249661,0.360000
6.247579,0.361000
5.145505,0.362000
3.963845,0.363000
2.718039,0.364000
1.430324,0.365000
0.118073,0.366000
-1.195451,0.367000
-2.490253,0.368000
-3.746333,0.369000
-4.942867,0.370000
-6.063222,0.371000
-7.087076,0.372000
-7.999921,0.373000
-8.786356,0.374000
-9.434637,0.375000
-9.934672,0.376000
-10.278428,0.377000
-10.459744,0.378000
-10.477349,0.379000
-10.329444,0.380000
-10.018746,0.381000
-9.550942,0.382000
-8.932702,0.383000
-8.173776,0.384000
-7.286498,0.385000
-6.283954,0.386000
-5.182691,0.387000
-4.000201,0.388000
-2.754700,0.389000
-1.466539,0.390000
-0.155410,0.391000
1.158046,0.392000
2.452911,0.393000
3.708248,0.394000
4.905710,0.395000
6.025632,0.396000
7.049953,0.397000
7.962531,0.398000
8.749199,0.399000
9.397382,0.400000
9.898195,0.401000
10.242024,0.402000
10.423763,0.403000
10.441023,0.404000
10.292958,0.405000
9.983022,0.406000
9.515232,0.407000
8.897395,0.408000
8.138280,0.409000
7.250385,0.410000
6.248876,0.411000
5.147365,0.412000
3.964768,0.413000
2.719142,0.414000
1.430645,0.415000
0.119258,0.416000
-1.194066,0.417000
-2.489111,0.418000
-3.745464,0.419000
-4.942085,0.420000
-6.062240,0.421000
-7.085867,0.422000
-7.999270,0.423000
-8.785943,0.424000
-9.434525,0.425000
-9.934648,0.426000
-10.278306,0.427000
-10.459652,0.428000
-10.477675,0.429000
-10.329503,0.430000
-10.019732,0.431000
-9.551675,0.432000
-8.932784,0.433000
-8.173995,0.434000
-7.286469,0.435000
-6.284921,0.436000
-5.183706,0.437000
-4.001712,0.438000
-2.756187,0.439000
-1.468074,0.440000
-0.155944,0.441000
1.156865,0.442000
2.451653,0.443000
3.707719,0.444000
4.905438,0.445000
6.024515,0.446000
7.049040,0.447000
7.962259,0.448000
8.748835,0.449000
9.397479,0.450000
9.897874,0.451000
10.241771,0.452000
10.423379,0.453000
10.440430,0.454000
10.293900,0.455000
9.983570,0.456000
9.515606,0.457000
8.897517,0.458000
8.139164,0.459000
7.251459,0.460000
6.249649,0.461000
5.148308,0.462000
3.965827,0.463000
2.720497,0.464000
1.432117,0.465000
0.120798,0.466000
-1.192517,0.467000
-2.488227,0.468000
-3.744099,0.469000
-4.940963,0.470000
-6.061371,0.471000
-7.085429,0.472000
-7.998158,0.473000
-8.785419,0.474000
-9.434034,0.475000
-9.933769,0.476000
-10.277670,0.477000
-10.460230,0.478000
-10.477825,0.479000
-10.329750,0.480000
-10.019329,0.481000
-9.551933,0.482000
-8.933066,0.483000
-8.175204,0.484000
-7.287319,0.485000
-6.285742,0.486000
-5.184707,0.487000
-4.002110,0.488000
-2.756925,0.489000
-1.469395,0.490000
-0.157649,0.491000
1.155466,0.492000
2.450633,0.493000
3.706558,0.494000
4.903369,0.495000
6.023456,0.496000
7.048506,0.497000
7.960821,0.498000
8.748301,0.499000
9.397251,0.500000
9.897316,0.501000
10.241193,0.502000
10.423544,0.503000
10.441387,0.504000
10.293628,0.505000
9.983925,0.506000
9.516340,0.507000
8.898790,0.508000
8.139597,0.509000
7.252425,0.510000
6.250227,0.511000
5.149401,0.512000
3.967241,0.513000
2.721206,0.514000
1.432875,0.515000
0.121682,0.516000
-1.191394,0.517000
-2.486716,0.518000
-3.743195,0.519000
-4.939962,0.520000
-6.059642,0.521000
-7.084837,0.522000
-7.997798,0.523000
-8.785327,0.524000
-9.432898,0.525000
-9.933458,0.526000
-10.277962,0.527000
-10.459686,0.528000
-10.477121,0.529000
-10.329571,0.530000
-10.019669,0.531000
-9.552156,0.532000
-8.934625,0.533000
-8.175515,0.534000
-7.288519,0.535000
-6.286359,0.536000
-5.186043,0.537000
-4.003626,0.538000
-2.758475,0.539000
-1.470343,0.540000
-0.158830,0.541000
1.154665,0.542000
2.449676,0.543000
3.705523,0.544000
4.902592,0.545000
6.022732,0.546000
7.047743,0.547000
7.960014,0.548000
8.747902,0.549000
9.396343,0.550000
9.896845,0.551000
10.240887,0.552000
10.423282,0.553000
10.440488,0.554000
10.293701,0.555000
9.984076,0.556000
9.516539,0.557000
8.898595,0.558000
8.140014,0.559000
7.253115,0.560000
6.251349,0.561000
5.150052,0.562000
3.968047,0.563000
2.722906,0.564000
1.434225,0.565000
0.122489,0.566000
-1.190773,0.567000
-2.485934,0.568000
-3.742175,0.569000
-4.939219,0.570000
-6.059088,0.571000
-7.084166,0.572000
-7.996817,0.573000
-8.783743,0.574000
-9.433077,0.575000
-9.933249,0.576000
-10.277966,0.577000
-10.459594,0.578000
-10.477505,0.579000
-10.330450,0.580000
-10.020091,0.581000
-9.552671,0.582000
-8.935296,0.583000
-8.176457,0.584000
-7.289189,0.585000
-6.287821,0.586000
-5.186485,0.587000
-4.004481,0.588000
-2.759787,0.589000
-1.471309,0.590000
-0.159510,0.591000
1.153203,0.592000
2.447932,0.593000
3.704148,0.594000
4.901304,0.595000
6.021615,0.596000
7.046281,0.597000
7.959762,0.598000
8.747140,0.599000
9.395726,0.600000
9.896568,0.601000
10.240581,0.602000
10.423666,0.603000
10.441397,0.604000
10.294391,0.605000
9.984523,0.606000
9.517039,0.607000
8.900092,0.608000
8.140845,0.609000
7.253946,0.610000
6.252112,0.611000
5.151086,0.612000
3.969165,0.613000
2.723591,0.614000
1.435066,0.615000
0.124053,0.616000
-1.189864,0.617000
-2.484346,0.618000
-3.740951,0.619000
-4.938646,0.620000
-6.057825,0.621000
-7.082976,0.622000
-7.996462,0.623000
-8.783757,0.624000
-9.432193,0.625000
-9.933511,0.626000
-10.277126,0.627000
-10.459997,0.628000
-10.477747,0.629000
-10.330222,0.630000
-10.020451,0.631000
-9.552812,0.632000
-8.935063,0.633000
-8.176705,0.634000
-7.290272,0.635000
-6.288181,0.636000
-5.188088,0.637000
-4.005831,0.638000
-2.760258,0.639000
-1.473087,0.640000
-0.160836,0.641000
1.152285,0.642000
2.447524,0.643000
3.703745,0.644000
4.900867,0.645000
6.020959,0.646000
7.045887,0.647000
7.959106,0.648000
8.746042,0.649000
9.395561,0.650000
9.896641,0.651000
10.240581,0.652000
10.423151,0.653000
10.441178,0.654000
10.294196,0.655000
9.984765,0.656000
9.517593,0.657000
8.899917,0.658000
8.141841,0.659000
7.254777,0.660000
6.252500,0.661000
5.152262,0.662000
3.969733,0.663000
2.724626,0.664000
1.436746,0.665000
0.125272,0.666000
-1.188567,0.667000
-2.483670,0.668000
-3.739814,0.669000
-4.937568,0.670000
-6.057227,0.671000
-7.082850,0.672000
-7.995321,0.673000
-8.782878,0.674000
-9.432081,0.675000
-9.932301,0.676000
-10.276839,0.677000
-10.459715,0.678000
-10.477432,0.679000
-10.330426,0.680000
-10.021413,0.681000
-9.553686,0.682000
-8.936209,0.683000
-8.177648,0.684000
-7.291312,0.685000
-6.289094,0.686000
-5.188598,0.687000
-4.006759,0.688000
-2.761846,0.689000
-1.474069,0.690000
-0.162104,0.691000
1.150983,0.692000
2.446241,0.693000
3.702045,0.694000
4.899944,0.695000
6.019745,0.696000
7.044454,0.697000
7.958348,0.698000
8.745216,0.699000
9.395085,0.700000
9.895888,0.701000
10.240192,0.702000
10.423219,0.703000
10.441547,0.704000
10.294391,0.705000
9.985072,0.706000
9.518186,0.707000
8.900704,0.708000
8.142375,0.709000
7.255058,0.710000
6.253924,0.711000
5.153224,0.712000
3.970680,0.713000
2.725976,0.714000
1.437052,0.715000
0.126472,0.716000
-1.187547,0.717000
-2.482092,0.718000
-3.738979,0.719000
-4.936368,0.720000
-6.056707,0.721000
-7.081325,0.722000
-7.994519,0.723000
-8.782475,0.724000
-9.431484,0.725000
-9.931889,0.726000
-10.276553,0.727000
-10.459200,0.728000
-10.477718,0.729000
-10.330868,0.730000
-10.020878,0.731000
-9.554109,0.732000
-8.936224,0.733000
-8.178945,0.734000
-7.291856,0.735000
-6.289536,0.736000
-5.189288,0.737000
-4.007046,0.738000
-2.762570,0.739000
-1.474564,0.740000
-0.163853,0.741000
1.150094,0.742000
2.445634,0.743000
3.702021,0.744000
4.898832,0.745000
6.018870,0.746000
7.044017,0.747000
7.957663,0.748000
8.745036,0.749000
9.394832,0.750000
9.895999,0.751000
10.240226,0.752000
10.423044,0.753000
10.441780,0.754000
10.294837,0.755000
9.985018,0.756000
9.518331,0.757000
8.901029,0.758000
8.142885,0.759000
7.256428,0.760000
6.254754,0.761000
5.153710,0.762000
3.972220,0.763000
2.727060,0.764000
1.438320,0.765000
0.126851,0.766000
-1.186483,0.767000
-2.481956,0.768000
-3.737662,0.769000
-4.935717,0.770000
-6.055940,0.771000
-7.080523,0.772000
-7.994072,0.773000
-8.781848,0.774000
-9.431066,0.775000
-9.932131,0.776000
-10.276203,0.777000
-10.459404,0.778000
-10.477466,0.779000
-10.330960,0.780000
-10.021549,0.781000
-9.554871,0.782000
-8.937059,0.783000
-8.179314,0.784000
-7.292560,0.785000
-6.291299,0.786000
-5.190240,0.787000
-4.007968,0.788000
-2.763809,0.789000
-1.475536,0.790000
-0.164732,0.791000
1.149370,0.792000
2.444293,0.793000
3.700272,0.794000
4.898035,0.795000
6.018214,0.796000
7.042866,0.797000
7.956730,0.798000
8.744303,0.799000
9.393744,0.800000
9.895703,0.801000
10.239614,0.802000
10.422709,0.803000
10.441508,0.804000
10.295017,0.805000
9.985548,0.806000
9.519434,0.807000
8.901661,0.808000
8.143784,0.809000
7.256972,0.810000
6.255342,0.811000
5.155172,0.812000
3.973279,0.813000
2.727905,0.814000
1.439904,0.815000
0.128304,0.816000
-1.185060,0.817000
-2.480328,0.818000
-3.736895,0.819000
-4.934667,0.820000
-6.054390,0.821000
-7.079649,0.822000
-7.993475,0.823000
-8.781207,0.824000
-9.430687,0.825000
-9.931621,0.826000
-10.275931,0.827000
-10.459516,0.828000
-10.477126,0.829000
-10.331101,0.830000
-10.021986,0.831000
-9.555688,0.832000
-8.937521,0.833000
-8.179605,0.834000
-7.293780,0.835000
-6.291736,0.836000
-5.191620,0.837000
-4.009586,0.838000
-2.765446,0.839000
-1.476279,0.840000
-0.166044,0.841000
1.147981,0.842000
2.442438,0.843000
3.699436,0.844000
4.896879,0.845000
6.017695,0.846000
7.042540,0.847000
7.956172,0.848000
8.743710,0.849000
9.393588,0.850000
9.894197,0.851000
10.239770,0.852000
10.422889,0.853000
10.441465,0.854000
10.295416,0.855000
9.985897,0.856000
9.519172,0.857000
8.901889,0.858000
8.144192,0.859000
7.258138,0.860000
6.256168,0.861000
5.155959,0.862000
3.974251,0.863000
2.728818,0.864000
1.441109,0.865000
0.129552,0.866000
-1.183899,0.867000
-2.479391,0.868000
-3.735282,0.869000
-4.933181,0.870000
-6.053540,0.871000
-7.079391,0.872000
-7.992547,0.873000
-8.780780,0.874000
-9.429653,0.875000
-9.931306,0.876000
-10.275581,0.877000
-10.458812,0.878000
-10.477903,0.879000
-10.331679,0.880000
-10.022904,0.881000
-9.555673,0.882000
-8.937997,0.883000
-8.180820,0.884000
-7.294256,0.885000
-6.292324,0.886000
-5.192164,0.887000
-4.010184,0.888000
-2.765844,0.889000
-1.477819,0.890000
-0.166374,0.891000
1.146985,0.892000
2.442078,0.893000
3.698188,0.894000
4.895810,0.895000
6.016203,0.896000
7.041549,0.897000
7.955103,0.898000
8.743049,0.899000
9.393030,0.900000
9.894357,0.901000
10.239677,0.902000
10.422835,0.903000
10.441591,0.904000
10.295736,0.905000
9.986524,0.906000
9.519342,0.907000
8.902933,0.908000
8.145382,0.909000
7.258439,0.910000
6.257101,0.911000
5.156950,0.912000
3.974537,0.913000
2.730266,0.914000
1.442017,0.915000
0.130558,0.916000
-1.182578,0.917000
-2.477851,0.918000
-3.734529,0.919000
-4.932277,0.920000
-6.053093,0.921000
-7.078366,0.922000
-7.991672,0.923000
-8.779769,0.924000
-9.430017,0.925000
-9.931087,0.926000
-10.275800,0.927000
-10.459424,0.928000
-10.477466,0.929000
-10.331611,0.930000
-10.022651,0.931000
-9.556348,0.932000
-8.939522,0.933000
-8.181417,0.934000
-7.295067,0.935000
-6.293728,0.936000
-5.193320,0.937000
-4.011636,0.938000
-2.766825,0.939000
-1.479096,0.940000
-0.167535,0.941000
1.145265,0.942000
2.440606,0.943000
3.697163,0.944000
4.895781,0.945000
6.015455,0.946000
7.040976,0.947000
7.954904,0.948000
8.742495,0.949000
9.392690,0.950000
9.894178,0.951000
10.239478,0.952000
10.422296,0.953000
10.441227,0.954000
10.295401,0.955000
9.986811,0.956000
9.520760,0.957000
8.903774,0.958000
8.145601,0.959000
7.259809,0.960000
6.258198,0.961000
5.158150,0.962000
3.976179,0.963000
2.730965,0.964000
1.443474,0.965000
0.132015,0.966000
-1.181966,0.967000
-2.476938,0.968000
-3.733300,0.969000
-4.931578,0.970000
-6.052029,0.971000
-7.077098,0.972000
-7.991313,0.973000
-8.779172,0.974000
-9.428812,0.975000
-9.930912,0.976000
-10.275542,0.977000
-10.458860,0.978000
-10.477607,0.979000
-10.331640,0.980000
-10.022855,0.981000
-9.556402,0.982000
-8.939279,0.983000
-8.182058,0.984000
-7.295188,0.985000
-6.294938,0.986000
-5.193990,0.987000
-4.012962,0.988000
-2.768380,0.989000
-1.479888,0.990000
-0.168759,0.991000
1.144361,0.992000
2.439936,0.993000
3.696522,0.994000
4.893959,0.995000
6.014192,0.996000
7.039917,0.997000
7.953204,0.998000
8.742233,0.999000
0.000000,1.000000
0.000000,1.001000
0.000000,1.002000
0.000000,1.003000
0.000000,1.004000
0.000000,1.005000
0.000000,1.006000
0.000000,1.007000
0.000000,1.008000
0.000000,1.009000
0.000000,1.010000
0.000000,1.011000
0.000000,1.012000
0.000000,1.013000
0.000000,1.014000
0.000000,1.015000
0.000000,1.016000
0.000000,1.017000
0.000000,1.018000
0.000000,1.019000
0.000000,1.020000
0.000000,1.021000
0.000000,1.022000
0.000000,1.023000
0.000000,1.024000
0.000000,1.025000
0.000000,1.026000
0.000000,1.027000
0.000000,1.028000
0.000000,1.029000
0.000000,1.030000
0.000000,1.031000
0.000000,1.032000
0.000000,1.033000
0.000000,1.034000
0.000000,1.035000
0.000000,1.036000
0.000000,1.037000
0.000000,1.038000
0.000000,1.039000
0.000000,1.040000
0.000000,1.041000
0.000000,1.042000
0.000000,1.043000
0.000000,1.044000
0.000000,1.045000
0.000000,1.046000
0.000000,1.047000
0.000000,1.048000
0.000000,1.049000
0.000000,1.050000
0.000000,1.051000
0.000000,1.052000
0.000000,1.053000
0.000000,1.054000
0.000000,1.055000
0.000000,1.056000
0.000000,1.057000
0.000000,1.058000
0.000000,1.059000
0.000000,1.060000
0.000000,1.061000
0.000000,1.062000
0.000000,1.063000
0.000000,1.064000
0.000000,1.065000
0.000000,1.066000
0.000000,1.067000
0.000000,1.068000
0.000000,1.069000
0.000000,1.070000
0.000000,1.071000
0.000000,1.072000
0.000000,1.073000
0.000000,1.074000
0.000000,1.075000
0.000000,1.076000
0.000000,1.077000
0.000000,1.078000
0.000000,1.079000
0.000000,1.080000
0.000000,1.081000
0.000000,1.082000
0.000000,1.083000
0.000000,1.084000
0.000000,1.085000
0.000000,1.086000
0.000000,1.087000
0.000000,1.088000
0.000000,1.089000
0.000000,1.090000
0.000000,1.091000
0.000000,1.092000
0.000000,1.093000
0.000000,1.094000
0.000000,1.095000
0.000000,1.096000
0.000000,1.097000
0.000000,1.098000
0.000000,1.099000
0.000000,1.100000
0.000000,1.101000
0.000000,1.102000
0.000000,1.103000
0.000000,1.104000
0.000000,1.105000
0.000000,1.106000
0.000000,1.107000
0.000000,1.108000
0.000000,1.109000
0.000000,1.110000
0.000000,1.111000
0.000000,1.112000
0.000000,1.113000
0.000000,1.114000
0.000000,1.115000
0.000000,1.116000
0.000000,1.117000
0.000000,1.118000
0.000000,1.119000
0.000000,1.120000
0.000000,1.121000
0.000000,1.122000
0.000000,1.123000
0.000000,1.124000
0.000000,1.125000
0.000000,1.126000
0.000000,1.127000
0.000000,1.128000
0.000000,1.129000
0.000000,1.130000
0.000000,1.131000
0.000000,1.132000
0.000000,1.133000
0.000000,1.134000
0.000000,1.135000
0.000000,1.136000
0.000000,1.137000
0.000000,1.138000
0.000000,1.139000
0.000000,1.140000
0.000000,1.141000
0.000000,1.142000
0.000000,1.143000
0.000000,1.144000
0.000000,1.145000
0.000000,1.146000
0.000000,1.147000
0.000000,1.148000
0.000000,1.149000
0.000000,1.150000
0.000000,1.151000
0.000000,1.152000
0.000000,1.153000
0.000000,1.154000
0.000000,1.155000
0.000000,1.156000
0.000000,1.157000
0.000000,1.158000
0.000000,1.159000
0.000000,1.160000
0.000000,1.161000
0.000000,1.162000
0.000000,1.163000
0.000000,1.164000
0.000000,1.165000
0.000000,1.166000
0.000000,1.167000
0.000000,1.168000
0.000000,1.169000
0.000000,1.170000
0.000000,1.171000
0.000000,1.172000
0.000000,1.173000
0.000000,1.174000
0.000000,1.175000
0.000000,1.176000
0.000000,1.177000
0.000000,1.178000
0.000000,1.179000
0.000000,1.180000
0.000000,1.181000
0.000000,1.182000
0.000000,1.183000
0.000000,1.184000
0.000000,1.185000
0.000000,1.186000
0.000000,1.187000
0.000000,1.188000
0.000000,1.189000
0.000000,1.190000
0.000000,1.191000
0.000000,1.192000
0.000000,1.193000
0.000000,1.194000
0.000000,1.195000
0.000000,1.196000
0.000000,1.197000
0.000000,1.198000
0.000000,1.199000
0.000000,1.200000
0.000000,1.201000
0.000000,1.202000
0.000000,1.203000
0.000000,1.204000
0.000000,1.205000
0.000000,1.206000
0.000000,1.207000
0.000000,1.208000
0.000000,1.209000
0.000000,1.210000
0.000000,1.211000
0.000000,1.212000
0.000000,1.213000
0.000000,1.214000
0.000000,1.215000
0.000000,1.216000
0.000000,1.217000
0.000000,1.218000
0.000000,1.219000
0.000000,1.220000
0.000000,1.221000
0.000000,1.222000
0.000000,1.223000
0.000000,1.224000
0.000000,1.225000
0.000000,1.226000
0.000000,1.227000
0.000000,1.228000
0.000000,1.229000
0.000000,1.230000
0.000000,1.231000
0.000000,1.232000
0.000000,1.233000
0.000000,1.234000
0.000000,1.235000
0.000000,1.236000
0.000000,1.237000
0.000000,1.238000
0.000000,1.239000
0.000000,1.240000
0.000000,1.241000
0.000000,1.242000
0.000000,1.243000
0.000000,1.244000
0.000000,1.245000
0.000000,1.246000
0.000000,1.247000
0.000000,1.248000
0.000000,1.249000
0.000000,1.250000
0.000000,1.251000
0.000000,1.252000
0.000000,1.253000
0.000000,1.254000
0.000000,1.255000
0.000000,1.256000
0.000000,1.257000
0.000000,1.258000
0.000000,1.259000
0.000000,1.260000
0.000000,1.261000
0.000000,1.262000
0.000000,1.263000
0.000000,1.264000
0.000000,1.265000
0.000000,1.266000
0.000000,1.267000
0.000000,1.268000
0.000000,1.269000
0.000000,1.270000
0.000000,1.271000
0.000000,1.272000
0.000000,1.273000
0.000000,1.274000
0.000000,1.275000
0.000000,1.276000
0.000000,1.277000
0.000000,1.278000
0.000000,1.279000
0.000000,1.280000
0.000000,1.281000
0.000000,1.282000
0.000000,1.283000
0.000000,1.284000
0.000000,1.285000
0.000000,1.286000
0.000000,1.287000
0.000000,1.288000
0.000000,1.289000
0.000000,1.290000
0.000000,1.291000
0.000000,1.292000
0.000000,1.293000
0.000000,1.294000
0.000000,1.295000
0.000000,1.296000
0.000000,1.297000
0.000000,1.298000
0.000000,1.299000
0.000000,1.300000
0.000000,1.301000
0.000000,1.302000
0.000000,1.303000
0.000000,1.304000
0.000000,1.305000
0.000000,1.306000
0.000000,1.307000
0.000000,1.308000
0.000000,1.309000
0.000000,1.310000
0.000000,1.311000
0.000000,1.312000
0.000000,1.313000
0.000000,1.314000
0.000000,1.315000
0.000000,1.316000
0.000000,1.317000
0.000000,1.318000
0.000000,1.319000
0.000000,1.320000
0.000000,1.321000
0.000000,1.322000
0.000000,1.323000
0.000000,1.324000
0.000000,1.325000
0.000000,1.326000
0.000000,1.327000
0.000000,1.328000
0.000000,1.329000
0.000000,1.330000
0.000000,1.331000
0.000000,1.332000
0.000000,1.333000
0.000000,1.334000
0.000000,1.335000
0.000000,1.336000
0.000000,1.337000
0.000000,1.338000
0.000000,1.339000
0.000000,1.340000
0.000000,1.341000
0.000000,1.342000
0.000000,1.343000
0.000000,1.344000
0.000000,1.345000
0.000000,1.346000
0.000000,1.347000
0.000000,1.348000
0.000000,1.349000
0.000000,1.350000
0.000000,1.351000
0.000000,1.352000
0.000000,1.353000
0.000000,1.354000
0.000000,1.355000
0.000000,1.356000
0.000000,1.357000
0.000000,1.358000
0.000000,1.359000
0.000000,1.360000
0.000000,1.361000
0.000000,1.362000
0.000000,1.363000
0.000000,1.364000
0.000000,1.365000
0.000000,1.366000
0.000000,1.367000
0.000000,1.368000
0.000000,1.369000
0.000000,1.370000
0.000000,1.371000
0.000000,1.372000
0.000000,1.373000
0.000000,1.374000
0.000000,1.375000
0.000000,1.376000
0.000000,1.377000
0.000000,1.378000
0.000000,1.379000
0.000000,1.380000
0.000000,1.381000
0.000000,1.382000
0.000000,1.383000
0.000000,1.384000
0.000000,1.385000
0.000000,1.386000
0.000000,1.387000
0.000000,1.388000
0.000000,1.389000
0.000000,1.390000
0.000000,1.391000
0.000000,1.392000
0.000000,1.393000
0.000000,1.394000
0.000000,1.395000
0.000000,1.396000
0.000000,1.397000
0.000000,1.398000
0.000000,1.399000
0.000000,1.400000
0.000000,1.401000
0.000000,1.402000
0.000000,1.403000
0.000000,1.404000
0.000000,1.405000
0.000000,1.406000
0.000000,1.407000
0.000000,1.408000
0.000000,1.409000
0.000000,1.410000
0.000000,1.411000
0.000000,1.412000
0.000000,1.413000
0.000000,1.414000
0.000000,1.415000
0.000000,1.416000
0.000000,1.417000
0.000000,1.418000
0.000000,1.419000
0.000000,1.420000
0.000000,1.421000
0.000000,1.422000
0.000000,1.423000
0.000000,1.424000
0.000000,1.425000
0.000000,1.426000
0.000000,1.427000
0.000000,1.428000
0.000000,1.429000
0.000000,1.430000
0.000000,1.431000
0.000000,1.432000
0.000000,1.433000
0.000000,1.434000
0.000000,1.435000
0.000000,1.436000
0.000000,1.437000
0.000000,1.438000
0.000000,1.439000
0.000000,1.440000
0.000000,1.441000
0.000000,1.442000
0.000000,1.443000
0.000000,1.444000
0.000000,1.445000
0.000000,1.446000
0.000000,1.447000
0.000000,1.448000
0.000000,1.449000
0.000000,1.450000
0.000000,1.451000
0.000000,1.452000
0.000000,1.453000
0.000000,1.454000
0.000000,1.455000
0.000000,1.456000
0.000000,1.457000
0.000000,1.458000
0.000000,1.459000
0.000000,1.460000
0.000000,1.461000
0.000000,1.462000
0.000000,1.463000
0.000000,1.464000
0.000000,1.465000
0.000000,1.466000
0.000000,1.467000
0.000000,1.468000
0.000000,1.469000
0.000000,1.470000
0.000000,1.471000
0.000000,1.472000
0.000000,1.473000
0.000000,1.474000
0.000000,1.475000
0.000000,1.476000
0.000000,1.477000
0.000000,1.478000
0.000000,1.479000
0.000000,1.480000
0.000000,1.481000
0.000000,1.482000
0.000000,1.483000
0.000000,1.484000
0.000000,1.485000
0.000000,1.486000
0.000000,1.487000
0.000000,1.488000
0.000000,1.489000
0.000000,1.490000
0.000000,1.491000
0.000000,1.492000
0.000000,1.493000
0.000000,1.494000
0.000000,1.495000
0.000000,1.496000
0.000000,1.497000
0.000000,1.498000
0.000000,1.499000
0.000000,1.500000
0.000000,1.501000
0.000000,1.502000
0.000000,1.503000
0.000000,1.504000
0.000000,1.505000
0.000000,1.506000
0.000000,1.507000
0.000000,1.508000
0.000000,1.509000
0.000000,1.510000
0.000000,1.511000
0.000000,1.512000
0.000000,1.513000
0.000000,1.514000
0.000000,1.515000
0.000000,1.516000
0.000000,1.517000
0.000000,1.518000
0.000000,1.519000
0.000000,1.520000
0.000000,1.521000
0.000000,1.522000
0.000000,1.523000
0.000000,1.524000
0.000000,1.525000
0.000000,1.526000
0.000000,1.527000
0.000000,1.528000
0.000000,1.529000
0.000000,1.530000
0.000000,1.531000
0.000000,1.532000
0.000000,1.533000
0.000000,1.534000
0.000000,1.535000
0.000000,1.536000
0.000000,1.537000
0.000000,1.538000
0.000000,1.539000
0.000000,1.540000
0.000000,1.541000
0.000000,1.542000
0.000000,1.543000
0.000000,1.544000
0.000000,1.545000
0.000000,1.546000
0.000000,1.547000
0.000000,1.548000
0.000000,1.549000
0.000000,1.550000
0.000000,1.551000
0.000000,1.552000
0.000000,1.553000
0.000000,1.554000
0.000000,1.555000
0.000000,1.556000
0.000000,1.557000
0.000000,1.558000
0.000000,1.559000
0.000000,1.560000
0.000000,1.561000
0.000000,1.562000
0.000000,1.563000
0.000000,1.564000
0.000000,1.565000
0.000000,1.566000
0.000000,1.567000
0.000000,1.568000
0.000000,1.569000
0.000000,1.570000
0.000000,1.571000
0.000000,1.572000
0.000000,1.573000
0.000000,1.574000
0.000000,1.575000
0.000000,1.576000
0.000000,1.577000
0.000000,1.578000
0.000000,1.579000
0.000000,1.580000
0.000000,1.581000
0.000000,1.582000
0.000000,1.583000
0.000000,1.584000
0.000000,1.585000
0.000000,1.586000
0.000000,1.587000
0.000000,1.588000
0.000000,1.589000
0.000000,1.590000
0.000000,1.591000
0.000000,1.592000
0.000000,1.593000
0.000000,1.594000
0.000000,1.595000
0.000000,1.596000
0.000000,1.597000
0.000000,1.598000
0.000000,1.599000
0.000000,1.600000
0.000000,1.601000
0.000000,1.602000
0.000000,1.603000
0.000000,1.604000
0.000000,1.605000
0.000000,1.606000
0.000000,1.607000
0.000000,1.608000
0.000000,1.609000
0.000000,1.610000
0.000000,1.611000
0.000000,1.612000
0.000000,1.613000
0.000000,1.614000
0.000000,1.615000
0.000000,1.616000
0.000000,1.617000
0.000000,1.618000
0.000000,1.619000
0.000000,1.620000
0.000000,1.621000
0.000000,1.622000
0.000000,1.623000
0.000000,1.624000
0.000000,1.625000
0.000000,1.626000
0.000000,1.627000
0.000000,1.628000
0.000000,1.629000
0.000000,1.630000
0.000000,1.631000
0.000000,1.632000
0.000000,1.633000
0.000000,1.634000
0.000000,1.635000
0.000000,1.636000
0.000000,1.637000
0.000000,1.638000
0.000000,1.639000
0.000000,1.640000
0.000000,1.641000
0.000000,1.642000
0.000000,1.643000
0.000000,1.644000
0.000000,1.645000
0.000000,1.646000
0.000000,1.647000
0.000000,1.648000
0.000000,1.649000
0.000000,1.650000
0.000000,1.651000
0.000000,1.652000
0.000000,1.653000
0.000000,1.654000
0.000000,1.655000
0.000000,1.656000
0.000000,1.657000
0.000000,1.658000
0.000000,1.659000
0.000000,1.660000
0.000000,1.661000
0.000000,1.662000
0.000000,1.663000
0.000000,1.664000
0.000000,1.665000
0.000000,1.666000
0.000000,1.667000
0.000000,1.668000
0.000000,1.669000
0.000000,1.670000
0.000000,1.671000
0.000000,1.672000
0.000000,1.673000
0.000000,1.674000
0.000000,1.675000
0.000000,1.676000
0.000000,1.677000
0.000000,1.678000
0.000000,1.679000
0.000000,1.680000
0.000000,1.681000
0.000000,1.682000
0.000000,1.683000
0.000000,1.684000
0.000000,1.685000
0.000000,1.686000
0.000000,1.687000
0.000000,1.688000
0.000000,1.689000
0.000000,1.690000
0.000000,1.691000
0.000000,1.692000
0.000000,1.693000
0.000000,1.694000
0.000000,1.695000
0.000000,1.696000
0.000000,1.697000
0.000000,1.698000
0.000000,1.699000
0.000000,1.700000
0.000000,1.701000
0.000000,1.702000
0.000000,1.703000
0.000000,1.704000
0.000000,1.705000
0.000000,1.706000
0.000000,1.707000
0.000000,1.708000
0.000000,1.709000
0.000000,1.710000
0.000000,1.711000
0.000000,1.712000
0.000000,1.713000
0.000000,1.714000
0.000000,1.715000
0.000000,1.716000
0.000000,1.717000
0.000000,1.718000
0.000000,1.719000
0.000000,1.720000
0.000000,1.721000
0.000000,1.722000
0.000000,1.723000
0.000000,1.724000
0.000000,1.725000
0.000000,1.726000
0.000000,1.727000
0.000000,1.728000
0.000000,1.729000
0.000000,1.730000
0.000000,1.731000
0.000000,1.732000
0.000000,1.733000
0.000000,1.734000
0.000000,1.735000
0.000000,1.736000
0.000000,1.737000
0.000000,1.738000
0.000000,1.739000
0.000000,1.740000
0.000000,1.741000
0.000000,1.742000
0.000000,1.743000
0.000000,1.744000
0.000000,1.745000
0.000000,1.746000
0.000000,1.747000
0.000000,1.748000
0.000000,1.749000
0.000000,1.750000
0.000000,1.751000
0.000000,1.752000
0.000000,1.753000
0.000000,1.754000
0.000000,1.755000
0.000000,1.756000
0.000000,1.757000
0.000000,1.758000
0.000000,1.759000
0.000000,1.760000
0.000000,1.761000
0.000000,1.762000
0.000000,1.763000
0.000000,1.764000
0.000000,1.765000
0.000000,1.766000
0.000000,1.767000
0.000000,1.768000
0.000000,1.769000
0.000000,1.770000
0.000000,1.771000
0.000000,1.772000
0.000000,1.773000
0.000000,1.774000
0.000000,1.775000
0.000000,1.776000
0.000000,1.777000
0.000000,1.778000
0.000000,1.779000
0.000000,1.780000
0.000000,1.781000
0.000000,1.782000
0.000000,1.783000
0.000000,1.784000
0.000000,1.785000
0.000000,1.786000
0.000000,1.787000
0.000000,1.788000
0.000000,1.789000
0.000000,1.790000
0.000000,1.791000
0.000000,1.792000
0.000000,1.793000
0.000000,1.794000
0.000000,1.795000
0.000000,1.796000
0.000000,1.797000
0.000000,1.798000
0.000000,1.799000
0.000000,1.800000
0.000000,1.801000
0.000000,1.802000
0.000000,1.803000
0.000000,1.804000
0.000000,1.805000
0.000000,1.806000
0.000000,1.807000
0.000000,1.808000
0.000000,1.809000
0.000000,1.810000
0.000000,1.811000
0.000000,1.812000
0.000000,1.813000
0.000000,1.814000
0.000000,1.815000
0.000000,1.816000
0.000000,1.817000
0.000000,1.818000
0.000000,1.819000
0.000000,1.820000
0.000000,1.821000
0.000000,1.822000
0.000000,1.823000
0.000000,1.824000
0.000000,1.825000
0.000000,1.826000
0.000000,1.827000
0.000000,1.828000
0.000000,1.829000
0.000000,1.830000
0.000000,1.831000
0.000000,1.832000
0.000000,1.833000
0.000000,1.834000
0.000000,1.835000
0.000000,1.836000
0.000000,1.837000
0.000000,1.838000
0.000000,1.839000
0.000000,1.840000
0.000000,1.841000
0.000000,1.842000
0.000000,1.843000
0.000000,1.844000
0.000000,1.845000
0.000000,1.846000
0.000000,1.847000
0.000000,1.848000
0.000000,1.849000
0.000000,1.850000
0.000000,1.851000
0.000000,1.852000
0.000000,1.853000
0.000000,1.854000
0.000000,1.855000
0.000000,1.856000
0.000000,1.857000
0.000000,1.858000
0.000000,1.859000
0.000000,1.860000
0.000000,1.861000
0.000000,1.862000
0.000000,1.863000
0.000000,1.864000
0.000000,1.865000
0.000000,1.866000
0.000000,1.867000
0.000000,1.868000
0.000000,1.869000
0.000000,1.870000
0.000000,1.871000
0.000000,1.872000
0.000000,1.873000
0.000000,1.874000
0.000000,1.875000
0.000000,1.876000
0.000000,1.877000
0.000000,1.878000
0.000000,1.879000
0.000000,1.880000
0.000000,1.881000
0.000000,1.882000
0.000000,1.883000
0.000000,1.884000
0.000000,1.885000
0.000000,1.886000
0.000000,1.887000
0.000000,1.888000
0.000000,1.889000
0.000000,1.890000
0.000000,1.891000
0.000000,1.892000
0.000000,1.893000
0.000000,1.894000
0.000000,1.895000
0.000000,1.896000
0.000000,1.897000
0.000000,1.898000
0.000000,1.899000
0.000000,1.900000
0.000000,1.901000
0.000000,1.902000
0.000000,1.903000
0.000000,1.904000
0.000000,1.905000
0.000000,1.906000
0.000000,1.907000
0.000000,1.908000
0.000000,1.909000
0.000000,1.910000
0.000000,1.911000
0.000000,1.912000
0.000000,1.913000
0.000000,1.914000
0.000000,1.915000
0.000000,1.916000
0.000000,1.917000
0.000000,1.918000
0.000000,1.919000
0.000000,1.920000
0.000000,1.921000
0.000000,1.922000
0.000000,1.923000
0.000000,1.924000
0.000000,1.925000
0.000000,1.926000
0.000000,1.927000
0.000000,1.928000
0.000000,1.929000
0.000000,1.930000
0.000000,1.931000
0.000000,1.932000
0.000000,1.933000
0.000000,1.934000
0.000000,1.935000
0.000000,1.936000
0.000000,1.937000
0.000000,1.938000
0.000000,1.939000
0.000000,1.940000
0.000000,1.941000
0.000000,1.942000
0.000000,1.943000
0.000000,1.944000
0.000000,1.945000
0.000000,1.946000
0.000000,1.947000
0.000000,1.948000
0.000000,1.949000
0.000000,1.950000
0.000000,1.951000
0.000000,1.952000
0.000000,1.953000
0.000000,1.954000
0.000000,1.955000
0.000000,1.956000
0.000000,1.957000
0.000000,1.958000
0.000000,1.959000
0.000000,1.960000
0.000000,1.961000
0.000000,1.962000
0.000000,1.963000
0.000000,1.964000
0.000000,1.965000
0.000000,1.966000
0.000000,1.967000
0.000000,1.968000
0.000000,1.969000
0.000000,1.970000
0.000000,1.971000
0.000000,1.972000
0.000000,1.973000
0.000000,1.974000
0.000000,1.975000
0.000000,1.976000
0.000000,1.977000
0.000000,1.978000
0.000000,1.979000
0.000000,1.980000
0.000000,1.981000
0.000000,1.982000
0.000000,1.983000
0.000000,1.984000
0.000000,1.985000
0.000000,1.986000
0.000000,1.987000
0.000000,1.988000
0.000000,1.989000
0.000000,1.990000
0.000000,1.991000
0.000000,1.992000
0.000000,1.993000
0.000000,1.994000
0.000000,1.995000
0.000000,1.996000
0.000000,1.997000
0.000000,1.998000
0.000000,1.999000
0.000000,2.000000
0.000000,2.001000
0.000000,2.002000
0.000000,2.003000
0.000000,2.004000
0.000000,2.005000
0.000000,2.006000
0.000000,2.007000
0.000000,2.008000
0.000000,2.009000
0.000000,2.010000
0.000000,2.011000
0.000000,2.012000
0.000000,2.013000
0.000000,2.014000
0.000000,2.015000
0.000000,2.016000
0.000000,2.017000
0.000000,2.018000
0.000000,2.019000
0.000000,2.020000
0.000000,2.021000
0.000000,2.022000
0.000000,2.023000
0.000000,2.024000
0.000000,2.025000
0.000000,2.026000
0.000000,2.027000
0.000000,2.028000
0.000000,2.029000
0.000000,2.030000
0.000000,2.031000
0.000000,2.032000
0.000000,2.033000
0.000000,2.034000
0.000000,2.035000
0.000000,2.036000
0.000000,2.037000
0.000000,2.038000
0.000000,2.039000
0.000000,2.040000
0.000000,2.041000
0.000000,2.042000
0.000000,2.043000
0.000000,2.044000
0.000000,2.045000
0.000000,2.046000
0.000000,2.047000
0.000000,2.048000
0.000000,2.049000
0.000000,2.050000
0.000000,2.051000
0.000000,2.052000
0.000000,2.053000
0.000000,2.054000
0.000000,2.055000
0.000000,2.056000
0.000000,2.057000
0.000000,2.058000
0.000000,2.059000
0.000000,2.060000
0.000000,2.061000
0.000000,2.062000
0.000000,2.063000
0.000000,2.064000
0.000000,2.065000
0.000000,2.066000
0.000000,2.067000
0.000000,2.068000
0.000000,2.069000
0.000000,2.070000
0.000000,2.071000
0.000000,2.072000
0.000000,2.073000
0.000000,2.074000
0.000000,2.075000
0.000000,2.076000
0.000000,2.077000
0.000000,2.078000
0.000000,2.079000
0.000000,2.080000
0.000000,2.081000
0.000000,2.082000
0.000000,2.083000
0.000000,2.084000
0.000000,2.085000
0.000000,2.086000
0.000000,2.087000
0.000000,2.088000
0.000000,2.089000
0.000000,2.090000
0.000000,2.091000
0.000000,2.092000
0.000000,2.093000
0.000000,2.094000
0.000000,2.095000
0.000000,2.096000
0.000000,2.097000
0.000000,2.098000
0.000000,2.099000
0.000000,2.100000
0.000000,2.101000
0.000000,2.102000
0.000000,2.103000
0.000000,2.104000
0.000000,2.105000
0.000000,2.106000
0.000000,2.107000
0.000000,2.108000
0.000000,2.109000
0.000000,2.110000
0.000000,2.111000
0.000000,2.112000
0.000000,2.113000
0.000000,2.114000
0.000000,2.115000
0.000000,2.116000
0.000000,2.117000
0.000000,2.118000
0.000000,2.119000
0.000000,2.120000
0.000000,2.121000
0.000000,2.122000
0.000000,2.123000
0.000000,2.124000
0.000000,2.125000
0.000000,2.126000
0.000000,2.127000
0.000000,2.128000
0.000000,2.129000
0.000000,2.130000
0.000000,2.131000
0.000000,2.132000
0.000000,2.133000
0.000000,2.134000
0.000000,2.135000
0.000000,2.136000
0.000000,2.137000
0.000000,2.138000
0.000000,2.139000
0.000000,2.140000
0.000000,2.141000
0.000000,2.142000
0.000000,2.143000
0.000000,2.144000
0.000000,2.145000
0.000000,2.146000
0.000000,2.147000
0.000000,2.148000
0.000000,2.149000
0.000000,2.150000
0.000000,2.151000
0.000000,2.152000
0.000000,2.153000
0.000000,2.154000
0.000000,2.155000
0.000000,2.156000
0.000000,2.157000
0.000000,2.158000
0.000000,2.159000
0.000000,2.160000
0.000000,2.161000
0.000000,2.162000
0.000000,2.163000
0.000000,2.164000
0.000000,2.165000
0.000000,2.166000
0.000000,2.167000
0.000000,2.168000
0.000000,2.169000
0.000000,2.170000
0.000000,2.171000
0.000000,2.172000
0.000000,2.173000
0.000000,2.174000
0.000000,2.175000
0.000000,2.176000
0.000000,2.177000
0.000000,2.178000
0.000000,2.179000
0.000000,2.180000
0.000000,2.181000
0.000000,2.182000
0.000000,2.183000
0.000000,2.184000
0.000000,2.185000
0.000000,2.186000
0.000000,2.187000
0.000000,2.188000
0.000000,2.189000
0.000000,2.190000
0.000000,2.191000
0.000000,2.192000
0.000000,2.193000
0.000000,2.194000
0.000000,2.195000
0.000000,2.196000
0.000000,2.197000
0.000000,2.198000
0.000000,2.199000
0.000000,2.200000
0.000000,2.201000
0.000000,2.202000
0.000000,2.203000
0.000000,2.204000
0.000000,2.205000
0.000000,2.206000
0.000000,2.207000
0.000000,2.208000
0.000000,2.209000
0.000000,2.210000
0.000000,2.211000
0.000000,2.212000
0.000000,2.213000
0.000000,2.214000
0.000000,2.215000
0.000000,2.216000
0.000000,2.217000
0.000000,2.218000
0.000000,2.219000
0.000000,2.220000
0.000000,2.221000
0.000000,2.222000
0.000000,2.223000
0.000000,2.224000
0.000000,2.225000
0.000000,2.226000
0.000000,2.227000
0.000000,2.228000
0.000000,2.229000
0.000000,2.230000
0.000000,2.231000
0.000000,2.232000
0.000000,2.233000
0.000000,2.234000
0.000000,2.235000
0.000000,2.236000
0.000000,2.237000
0.000000,2.238000
0.000000,2.239000
0.000000,2.240000
0.000000,2.241000
0.000000,2.242000
0.000000,2.243000
0.000000,2.244000
0.000000,2.245000
0.000000,2.246000
0.000000,2.247000
0.000000,2.248000
0.000000,2.249000
0.000000,2.250000
0.000000,2.251000
0.000000,2.252000
0.000000,2.253000
0.000000,2.254000
0.000000,2.255000
0.000000,2.256000
0.000000,2.257000
0.000000,2.258000
0.000000,2.259000
0.000000,2.260000
0.000000,2.261000
0.000000,2.262000
0.000000,2.263000
0.000000,2.264000
0.000000,2.265000
0.000000,2.266000
0.000000,2.267000
0.000000,2.268000
0.000000,2.269000
0.000000,2.270000
0.000000,2.271000
0.000000,2.272000
0.000000,2.273000
0.000000,2.274000
0.000000,2.275000
0.000000,2.276000
0.000000,2.277000
0.000000,2.278000
0.000000,2.279000
0.000000,2.280000
0.000000,2.281000
0.000000,2.282000
0.000000,2.283000
0.000000,2.284000
0.000000,2.285000
0.000000,2.286000
0.000000,2.287000
0.000000,2.288000
0.000000,2.289000
0.000000,2.290000
0.000000,2.291000
0.000000,2.292000
0.000000,2.293000
0.000000,2.294000
0.000000,2.295000
0.000000,2.296000
0.000000,2.297000
0.000000,2.298000
0.000000,2.299000
0.000000,2.300000
0.000000,2.301000
0.000000,2.302000
0.000000,2.303000
0.000000,2.304000
0.000000,2.305000
0.000000,2.306000
0.000000,2.307000
0.000000,2.308000
0.000000,2.309000
0.000000,2.310000
0.000000,2.311000
0.000000,2.312000
0.000000,2.313000
0.000000,2.314000
0.000000,2.315000
0.000000,2.316000
0.000000,2.317000
0.000000,2.318000
0.000000,2.319000
0.000000,2.320000
0.000000,2.321000
0.000000,2.322000
0.000000,2.323000
0.000000,2.324000
0.000000,2.325000
0.000000,2.326000
0.000000,2.327000
0.000000,2.328000
0.000000,2.329000
0.000000,2.330000
0.000000,2.331000
0.000000,2.332000
0.000000,2.333000
0.000000,2.334000
0.000000,2.335000
0.000000,2.336000
0.000000,2.337000
0.000000,2.338000
0.000000,2.339000
0.000000,2.340000
0.000000,2.341000
0.000000,2.342000
0.000000,2.343000
0.000000,2.344000
0.000000,2.345000
0.000000,2.346000
0.000000,2.347000
0.000000,2.348000
0.000000,2.349000
0.000000,2.350000
0.000000,2.351000
0.000000,2.352000
0.000000,2.353000
0.000000,2.354000
0.000000,2.355000
0.000000,2.356000
0.000000,2.357000
0.000000,2.358000
0.000000,2.359000
0.000000,2.360000
0.000000,2.361000
0.000000,2.362000
0.000000,2.363000
0.000000,2.364000
0.000000,2.365000
0.000000,2.366000
0.000000,2.367000
0.000000,2.368000
0.000000,2.369000
0.000000,2.370000
0.000000,2.371000
0.000000,2.372000
0.000000,2.373000
0.000000,2.374000
0.000000,2.375000
0.000000,2.376000
0.000000,2.377000
0.000000,2.378000
0.000000,2.379000
0.000000,2.380000
0.000000,2.381000
0.000000,2.382000
0.000000,2.383000
0.000000,2.384000
0.000000,2.385000
0.000000,2.386000
0.000000,2.387000
0.000000,2.388000
0.000000,2.389000
0.000000,2.390000
0.000000,2.391000
0.000000,2.392000
0.000000,2.393000
0.000000,2.394000
0.000000,2.395000
0.000000,2.396000
0.000000,2.397000
0.000000,2.398000
0.000000,2.399000
0.000000,2.400000
0.000000,2.401000
0.000000,2.402000
0.000000,2.403000
0.000000,2.404000
0.000000,2.405000
0.000000,2.406000
0.000000,2.407000
0.000000,2.408000
0.000000,2.409000
0.000000,2.410000
0.000000,2.411000
0.000000,2.412000
0.000000,2.413000
0.000000,2.414000
0.000000,2.415000
0.000000,2.416000
0.000000,2.417000
0.000000,2.418000
0.000000,2.419000
0.000000,2.420000
0.000000,2.421000
0.000000,2.422000
0.000000,2.423000
0.000000,2.424000
0.000000,2.425000
0.000000,2.426000
0.000000,2.427000
0.000000,2.428000
0.000000,2.429000
0.000000,2.430000
0.000000,2.431000
0.000000,2.432000
0.000000,2.433000
0.000000,2.434000
0.000000,2.435000
0.000000,2.436000
0.000000,2.437000
0.000000,2.438000
0.000000,2.439000
0.000000,2.440000
0.000000,2.441000
0.000000,2.442000
0.000000,2.443000
0.000000,2.444000
0.000000,2.445000
0.000000,2.446000
0.000000,2.447000
0.000000,2.448000
0.000000,2.449000
0.000000,2.450000
0.000000,2.451000
0.000000,2.452000
0.000000,2.453000
0.000000,2.454000
0.000000,2.455000
0.000000,2.456000
0.000000,2.457000
0.000000,2.458000
0.000000,2.459000
0.000000,2.460000
0.000000,2.461000
0.000000,2.462000
0.000000,2.463000
0.000000,2.464000
0.000000,2.465000
0.000000,2.466000
0.000000,2.467000
0.000000,2.468000
0.000000,2.469000
0.000000,2.470000
0.000000,2.471000
0.000000,2.472000
0.000000,2.473000
0.000000,2.474000
0.000000,2.475000
0.000000,2.476000
0.000000,2.477000
0.000000,2.478000
0.000000,2.479000
0.000000,2.480000
0.000000,2.481000
0.000000,2.482000
0.000000,2.483000
0.000000,2.484000
0.000000,2.485000
0.000000,2.486000
0.000000,2.487000
0.000000,2.488000
0.000000,2.489000
0.000000,2.490000
0.000000,2.491000
0.000000,2.492000
0.000000,2.493000
0.000000,2.494000
0.000000,2.495000
0.000000,2.496000
0.000000,2.497000
0.000000,2.498000
0.000000,2.499000
0.000000,2.500000
0.000000,2.501000
0.000000,2.502000
0.000000,2.503000
0.000000,2.504000
0.000000,2.505000
0.000000,2.506000
0.000000,2.507000
0.000000,2.508000
0.000000,2.509000
0.000000,2.510000
0.000000,2.511000
0.000000,2.512000
0.000000,2.513000
0.000000,2.514000
0.000000,2.515000
0.000000,2.516000
0.000000,2.517000
0.000000,2.518000
0.000000,2.519000
0.000000,2.520000
0.000000,2.521000
0.000000,2.522000
0.000000,2.523000
0.000000,2.524000
0.000000,2.525000
0.000000,2.526000
0.000000,2.527000
0.000000,2.528000
0.000000,2.529000
0.000000,2.530000
0.000000,2.531000
0.000000,2.532000
0.000000,2.533000
0.000000,2.534000
0.000000,2.535000
0.000000,2.536000
0.000000,2.537000
0.000000,2.538000
0.000000,2.539000
0.000000,2.540000
0.000000,2.541000
0.000000,2.542000
0.000000,2.543000
0.000000,2.544000
0.000000,2.545000
0.000000,2.546000
0.000000,2.547000
0.000000,2.548000
0.000000,2.549000
0.000000,2.550000
0.000000,2.551000
0.000000,2.552000
0.000000,2.553000
0.000000,2.554000
0.000000,2.555000
0.000000,2.556000
0.000000,2.557000
0.000000,2.558000
0.000000,2.559000
0.000000,2.560000
0.000000,2.561000
0.000000,2.562000
0.000000,2.563000
0.000000,2.564000
0.000000,2.565000
0.000000,2.566000
0.000000,2.567000
0.000000,2.568000
0.000000,2.569000
0.000000,2.570000
0.000000,2.571000
0.000000,2.572000
0.000000,2.573000
0.000000,2.574000
0.000000,2.575000
0.000000,2.576000
0.000000,2.577000
0.000000,2.578000
0.000000,2.579000
0.000000,2.580000
0.000000,2.581000
0.000000,2.582000
0.000000,2.583000
0.000000,2.584000
0.000000,2.585000
0.000000,2.586000
0.000000,2.587000
0.000000,2.588000
0.000000,2.589000
0.000000,2.590000
0.000000,2.591000
0.000000,2.592000
0.000000,2.593000
0.000000,2.594000
0.000000,2.595000
0.000000,2.596000
0.000000,2.597000
0.000000,2.598000
0.000000,2.599000
0.000000,2.600000
0.000000,2.601000
0.000000,2.602000
0.000000,2.603000
0.000000,2.604000
0.000000,2.605000
0.000000,2.606000
0.000000,2.607000
0.000000,2.608000
0.000000,2.609000
0.000000,2.610000
0.000000,2.611000
0.000000,2.612000
0.000000,2.613000
0.000000,2.614000
0.000000,2.615000
0.000000,2.616000
0.000000,2.617000
0.000000,2.618000
0.000000,2.619000
0.000000,2.620000
0.000000,2.621000
0.000000,2.622000
0.000000,2.623000
0.000000,2.624000
0.000000,2.625000
0.000000,2.626000
0.000000,2.627000
0.000000,2.628000
0.000000,2.629000
0.000000,2.630000
0.000000,2.631000
0.000000,2.632000
0.000000,2.633000
0.000000,2.634000
0.000000,2.635000
0.000000,2.636000
0.000000,2.637000
0.000000,2.638000
0.000000,2.639000
0.000000,2.640000
0.000000,2.641000
0.000000,2.642000
0.000000,2.643000
0.000000,2.644000
0.000000,2.645000
0.000000,2.646000
0.000000,2.647000
0.000000,2.648000
0.000000,2.649000
0.000000,2.650000
0.000000,2.651000
0.000000,2.652000
0.000000,2.653000
0.000000,2.654000
0.000000,2.655000
0.000000,2.656000
0.000000,2.657000
0.000000,2.658000
0.000000,2.659000
0.000000,2.660000
0.000000,2.661000
0.000000,2.662000
0.000000,2.663000
0.000000,2.664000
0.000000,2.665000
0.000000,2.666000
0.000000,2.667000
0.000000,2.668000
0.000000,2.669000
0.000000,2.670000
0.000000,2.671000
0.000000,2.672000
0.000000,2.673000
0.000000,2.674000
0.000000,2.675000
0.000000,2.676000
0.000000,2.677000
0.000000,2.678000
0.000000,2.679000
0.000000,2.680000
0.000000,2.681000
0.000000,2.682000
0.000000,2.683000
0.000000,2.684000
0.000000,2.685000
0.000000,2.686000
0.000000,2.687000
0.000000,2.688000
0.000000,2.689000
0.000000,2.690000
0.000000,2.691000
0.000000,2.692000
0.000000,2.693000
0.000000,2.694000
0.000000,2.695000
0.000000,2.696000
0.000000,2.697000
0.000000,2.698000
0.000000,2.699000
0.000000,2.700000
0.000000,2.701000
0.000000,2.702000
0.000000,2.703000
0.000000,2.704000
0.000000,2.705000
0.000000,2.706000
0.000000,2.707000
0.000000,2.708000
0.000000,2.709000
0.000000,2.710000
0.000000,2.711000
0.000000,2.712000
0.000000,2.713000
0.000000,2.714000
0.000000,2.715000
0.000000,2.716000
0.000000,2.717000
0.000000,2.718000
0.000000,2.719000
0.000000,2.720000
0.000000,2.721000
0.000000,2.722000
0.000000,2.723000
0.000000,2.724000
0.000000,2.725000
0.000000,2.726000
0.000000,2.727000
0.000000,2.728000
0.000000,2.729000
0.000000,2.730000
0.000000,2.731000
0.000000,2.732000
0.000000,2.733000
0.000000,2.734000
0.000000,2.735000
0.000000,2.736000
0.000000,2.737000
0.000000,2.738000
0.000000,2.739000
0.000000,2.740000
0.000000,2.741000
0.000000,2.742000
0.000000,2.743000
0.000000,2.744000
0.000000,2.745000
0.000000,2.746000
0.000000,2.747000
0.000000,2.748000
0.000000,2.749000
0.000000,2.750000
0.000000,2.751000
0.000000,2.752000
0.000000,2.753000
0.000000,2.754000
0.000000,2.755000
0.000000,2.756000
0.000000,2.757000
0.000000,2.758000
0.000000,2.759000
0.000000,2.760000
0.000000,2.761000
0.000000,2.762000
0.000000,2.763000
0.000000,2.764000
0.000000,2.765000
0.000000,2.766000
0.000000,2.767000
0.000000,2.768000
0.000000,2.769000
0.000000,2.770000
0.000000,2.771000
0.000000,2.772000
0.000000,2.773000
0.000000,2.774000
0.000000,2.775000
0.000000,2.776000
0.000000,2.777000
0.000000,2.778000
0.000000,2.779000
0.000000,2.780000
0.000000,2.781000
0.000000,2.782000
0.000000,2.783000
0.000000,2.784000
0.000000,2.785000
0.000000,2.786000
0.000000,2.787000
0.000000,2.788000
0.000000,2.789000
0.000000,2.790000
0.000000,2.791000
0.000000,2.792000
0.000000,2.793000
0.000000,2.794000
0.000000,2.795000
0.000000,2.796000
0.000000,2.797000
0.000000,2.798000
0.000000,2.799000
0.000000,2.800000
0.000000,2.801000
0.000000,2.802000
0.000000,2.803000
0.000000,2.804000
0.000000,2.805000
0.000000,2.806000
0.000000,2.807000
0.000000,2.808000
0.000000,2.809000
0.000000,2.810000
0.000000,2.811000
0.000000,2.812000
0.000000,2.813000
0.000000,2.814000
0.000000,2.815000
0.000000,2.816000
0.000000,2.817000
0.000000,2.818000
0.000000,2.819000
0.000000,2.820000
0.000000,2.821000
0.000000,2.822000
0.000000,2.823000
0.000000,2.824000
0.000000,2.825000
0.000000,2.826000
0.000000,2.827000
0.000000,2.828000
0.000000,2.829000
0.000000,2.830000
0.000000,2.831000
0.000000,2.832000
0.000000,2.833000
0.000000,2.834000
0.000000,2.835000
0.000000,2.836000
0.000000,2.837000
0.000000,2.838000
0.000000,2.839000
0.000000,2.840000
0.000000,2.841000
0.000000,2.842000
0.000000,2.843000
0.000000,2.844000
0.000000,2.845000
0.000000,2.846000
0.000000,2.847000
0.000000,2.848000
0.000000,2.849000
0.000000,2.850000
0.000000,2.851000
0.000000,2.852000
0.000000,2.853000
0.000000,2.854000
0.000000,2.855000
0.000000,2.856000
0.000000,2.857000
0.000000,2.858000
0.000000,2.859000
0.000000,2.860000
0.000000,2.861000
0.000000,2.862000
0.000000,2.863000
0.000000,2.864000
0.000000,2.865000
0.000000,2.866000
0.000000,2.867000
0.000000,2.868000
0.000000,2.869000
0.000000,2.870000
0.000000,2.871000
0.000000,2.872000
0.000000,2.873000
0.000000,2.874000
0.000000,2.875000
0.000000,2.876000
0.000000,2.877000
0.000000,2.878000
0.000000,2.879000
0.000000,2.880000
0.000000,2.881000
0.000000,2.882000
0.000000,2.883000
0.000000,2.884000
0.000000,2.885000
0.000000,2.886000
0.000000,2.887000
0.000000,2.888000
0.000000,2.889000
0.000000,2.890000
0.000000,2.891000
0.000000,2.892000
0.000000,2.893000
0.000000,2.894000
0.000000,2.895000
0.000000,2.896000
0.000000,2.897000
0.000000,2.898000
0.000000,2.899000
0.000000,2.900000
0.000000,2.901000
0.000000,2.902000
0.000000,2.903000
0.000000,2.904000
0.000000,2.905000
0.000000,2.906000
0.000000,2.907000
0.000000,2.908000
0.000000,2.909000
0.000000,2.910000
0.000000,2.911000
0.000000,2.912000
0.000000,2.913000
0.000000,2.914000
0.000000,2.915000
0.000000,2.916000
0.000000,2.917000
0.000000,2.918000
0.000000,2.919000
0.000000,2.920000
0.000000,2.921000
0.000000,2.922000
0.000000,2.923000
0.000000,2.924000
0.000000,2.925000
0.000000,2.926000
0.000000,2.927000
0.000000,2.928000
0.000000,2.929000
0.000000,2.930000
0.000000,2.931000
0.000000,2.932000
0.000000,2.933000
0.000000,2.934000
0.000000,2.935000
0.000000,2.936000
0.000000,2.937000
0.000000,2.938000
0.000000,2.939000
0.000000,2.940000
0.000000,2.941000
0.000000,2.942000
0.000000,2.943000
0.000000,2.944000
0.000000,2.945000
0.000000,2.946000
0.000000,2.947000
0.000000,2.948000
0.000000,2.949000
0.000000,2.950000
0.000000,2.951000
0.000000,2.952000
0.000000,2.953000
0.000000,2.954000
0.000000,2.955000
0.000000,2.956000
0.000000,2.957000
0.000000,2.958000
0.000000,2.959000
0.000000,2.960000
0.000000,2.961000
0.000000,2.962000
0.000000,2.963000
0.000000,2.964000
0.000000,2.965000
0.000000,2.966000
0.000000,2.967000
0.000000,2.968000
0.000000,2.969000
0.000000,2.970000
0.000000,2.971000
0.000000,2.972000
0.000000,2.973000
0.000000,2.974000
0.000000,2.975000
0.000000,2.976000
0.000000,2.977000
0.000000,2.978000
0.000000,2.979000
0.000000,2.980000
0.000000,2.981000
0.000000,2.982000
0.000000,2.983000
0.000000,2.984000
0.000000,2.985000
0.000000,2.986000
0.000000,2.987000
0.000000,2.988000
0.000000,2.989000
0.000000,2.990000
0.000000,2.991000
0.000000,2.992000
0.000000,2.993000
0.000000,2.994000
0.000000,2.995000
0.000000,2.996000
0.000000,2.997000
0.000000,2.998000
0.000000,2.999000
